Workbook

Sheet TEST REPORT
A1: TEST REPORT
A3: No. | B3: Sheet name | C3: API name | D3: Total Testcase | E3: Passed | F3: Failed | G3: Blocked | H3: Not run | I3: Automation | J3: Manual | K3: N/A | L3: Status Testing | M3: Progress | N3: Remarks
A4: 1 | B4: API001 Auth Register Login | C4: API-1 Auth Register Login | D4: 13 | E4: =COUNTIF('API001 Auth Register Login'!Z15:Z27,"Passed") | F4: =COUNTIF('API001 Auth Register Login'!Z15:Z27,"Failed") | G4: =COUNTIF('API001 Auth Register Login'!Z15:Z27,"Blocked") | H4: =COUNTIF('API001 Auth Register Login'!Z15:Z27,"Not Run") | I4: =COUNTIF('API001 Auth Register Login'!L15:L27,"Automation") | J4: =COUNTIF('API001 Auth Register Login'!L15:L27,"Manual") | K4: 0 | L4: Test Done | M4: =IF(D4=0,0,(E4+F4)/D4)
A5: 2 | B5: API002 Auth Token | C5: API-2 Auth Token | D5: 5 | E5: =COUNTIF('API002 Auth Token'!Z15:Z19,"Passed") | F5: =COUNTIF('API002 Auth Token'!Z15:Z19,"Failed") | G5: =COUNTIF('API002 Auth Token'!Z15:Z19,"Blocked") | H5: =COUNTIF('API002 Auth Token'!Z15:Z19,"Not Run") | I5: =COUNTIF('API002 Auth Token'!L15:L19,"Automation") | J5: =COUNTIF('API002 Auth Token'!L15:L19,"Manual") | K5: 0 | L5: Test Done | M5: =IF(D5=0,0,(E5+F5)/D5)
A6: 3 | B6: API003 Auth Password | C6: API-3 Auth Password | D6: 8 | E6: =COUNTIF('API003 Auth Password'!Z15:Z22,"Passed") | F6: =COUNTIF('API003 Auth Password'!Z15:Z22,"Failed") | G6: =COUNTIF('API003 Auth Password'!Z15:Z22,"Blocked") | H6: =COUNTIF('API003 Auth Password'!Z15:Z22,"Not Run") | I6: =COUNTIF('API003 Auth Password'!L15:L22,"Automation") | J6: =COUNTIF('API003 Auth Password'!L15:L22,"Manual") | K6: 0 | L6: Test Done | M6: =IF(D6=0,0,(E6+F6)/D6)
A7: 4 | B7: API004 Profile | C7: API-4 Profile | D7: 11 | E7: =COUNTIF('API004 Profile'!Z15:Z29,"Passed") | F7: =COUNTIF('API004 Profile'!Z15:Z29,"Failed") | G7: =COUNTIF('API004 Profile'!Z15:Z29,"Blocked") | H7: =COUNTIF('API004 Profile'!Z15:Z29,"Not Run") | I7: =COUNTIF('API004 Profile'!L15:L29,"Automation") | J7: =COUNTIF('API004 Profile'!L15:L29,"Manual") | K7: 0 | L7: Test Done | M7: =IF(D7=0,0,(E7+F7)/D7)
A8: 5 | B8: API005 Settings | C8: API-5 Settings | D8: 8 | E8: =COUNTIF('API005 Settings'!Z15:Z22,"Passed") | F8: =COUNTIF('API005 Settings'!Z15:Z22,"Failed") | G8: =COUNTIF('API005 Settings'!Z15:Z22,"Blocked") | H8: =COUNTIF('API005 Settings'!Z15:Z22,"Not Run") | I8: =COUNTIF('API005 Settings'!L15:L22,"Automation") | J8: =COUNTIF('API005 Settings'!L15:L22,"Manual") | K8: 0 | L8: Test Done | M8: =IF(D8=0,0,(E8+F8)/D8)
C9: Total (unexecuted cases remain Not Run) | D9: =SUM(D4:D8) | E9: =SUM(E4:E8) | F9: =SUM(F4:F8) | G9: =SUM(G4:G8) | H9: =SUM(H4:H8) | I9: =SUM(I4:I8) | J9: =SUM(J4:J8) | K9: =SUM(K4:K8) | M9: =IF(D9=0,0,(E9+F9)/D9)

Sheet API001 Auth Register Login
A1: Project Name | B1: TalkWithMe
A2: API Name | B2: API001 Auth Register Login
A3: Owner | B3: QA / Backend Team
A5: PASSED | B5: =COUNTIF(Z15:Z27,"Passed")
A6: FAILED | B6: =COUNTIF(Z15:Z27,"Failed")
A7: PENDING | B7: =COUNTIF(Z15:Z27,"Blocked")
A8: NOT RUN | B8: =COUNTIF(Z15:Z27,"Not Run")
A9: AUTOMATION | B9: =COUNTIF(L15:L27,"Automation")
A10: MANUAL | B10: =COUNTIF(L15:L27,"Manual")
A11: Number of Testcase | B11: =COUNTA(A15:A23)
A12: Validate / Functional / Security
A13: ID | B13: Item | C13: Testcase Name | D13: Precondition Test Case | E13: Test data | F13: Request | H13: Expected Response | J13: Expected Database | K13: Result | L13: Execution | M13: Note
F14: params | G14: body | H14: Status code | I14: Body | N14: Case ID | O14: Module | P14: Method/Path | Q14: Viewpoint ID | R14: Testcase Name | S14: Precondition | T14: Request/Test Data | U14: Steps | V14: Expected HTTP Status | W14: Expected Response Body | X14: Expected Database | Y14: Priority | Z14: Execution Result | AA14: Defect Link | AB14: Automation Test / Manual Reason
A15: API-AUTH-001 | B15: POST /api/v1/auth/register | C15: Register valid user | D15: See explicit precondition | E15: valid email, fullName, strong password, termsAccepted=true | G15: POST /api/v1/auth/register: valid email, fullName, strong password, termsAccepted=true | H15: 201 | I15: TokenResponse {accessToken:string, refreshToken:string, tokenType:"bearer", expiresIn:integer} | J15: User, profile, settings and refresh token created; password not returned. | K15: Passed | L15: Automation | M15: Test passed in targeted API suite and full backend suite. | N15: API-AUTH-001 | O15: Auth | P15: POST /api/v1/auth/register | Q15: AUTH-001 | R15: Register valid user | S15: Registered account/authenticated bearer as specified; see request data. | T15: valid email, fullName, strong password, termsAccepted=true | U15: 1. Set precondition. 2. Send POST /api/v1/auth/register. 3. Inspect response and database. | V15: 201 | W15: TokenResponse {accessToken:string, refreshToken:string, tokenType:"bearer", expiresIn:integer} | X15: User, profile, settings and refresh token created; password not returned. | Y15: P0 | Z15: Passed | AB15: test_register_login_me_refresh_logout_flow
A16: API-AUTH-002 | B16: POST /api/v1/auth/register | C16: Required field omitted | D16: See explicit precondition | E16: {} | G16: POST /api/v1/auth/register: {} | H16: 422 | I16: {code:"VALIDATION_ERROR",message:"Request validation failed.",traceId:string,details:{errors:[...]}} | J16: No unintended mutation. | K16: Passed | L16: Automation | M16: Test passed in targeted API suite and full backend suite. | N16: API-AUTH-002 | O16: Auth | P16: POST /api/v1/auth/register | Q16: AUTH-002 | R16: Required field omitted | S16: Registered account/authenticated bearer as specified; see request data. | T16: {} | U16: 1. Set precondition. 2. Send POST /api/v1/auth/register. 3. Inspect response and database. | V16: 422 | W16: {code:"VALIDATION_ERROR",message:"Request validation failed.",traceId:string,details:{errors:[...]}} | X16: No unintended mutation. | Y16: P1 | Z16: Passed | AB16: test_auth_validation_rejects_missing_fields_and_invalid_email
A17: API-AUTH-003 | B17: POST /api/v1/auth/register | C17: Malformed email | D17: See explicit precondition | E17: email=bad; other required fields valid | G17: POST /api/v1/auth/register: email=bad; other required fields valid | H17: 422 | I17: {code:"VALIDATION_ERROR",message:"Request validation failed.",traceId:string,details:{errors:[...]}} | J17: No unintended mutation. | K17: Passed | L17: Automation | M17: Test passed in targeted API suite and full backend suite. | N17: API-AUTH-003 | O17: Auth | P17: POST /api/v1/auth/register | Q17: AUTH-003 | R17: Malformed email | S17: Registered account/authenticated bearer as specified; see request data. | T17: email=bad; other required fields valid | U17: 1. Set precondition. 2. Send POST /api/v1/auth/register. 3. Inspect response and database. | V17: 422 | W17: {code:"VALIDATION_ERROR",message:"Request validation failed.",traceId:string,details:{errors:[...]}} | X17: No unintended mutation. | Y17: P1 | Z17: Passed | AB17: test_auth_validation_rejects_missing_fields_and_invalid_email
A18: API-AUTH-004 | B18: POST /api/v1/auth/register | C18: Full name 120 chars / 121 chars | D18: See explicit precondition | E18: fullName lengths 120 then 121 | G18: POST /api/v1/auth/register: fullName lengths 120 then 121 | H18: 201 / 422 | I18: TokenResponse / {code:"VALIDATION_ERROR",message:"Request validation failed.",traceId:string,details:{errors:[...]}} | J18: 120 chars accepted; >120 creates no row. | K18: Passed | L18: Automation | M18: Test passed in targeted API suite and full backend suite. | N18: API-AUTH-004 | O18: Auth | P18: POST /api/v1/auth/register | Q18: AUTH-004 | R18: Full name 120 chars / 121 chars | S18: Registered account/authenticated bearer as specified; see request data. | T18: fullName lengths 120 then 121 | U18: 1. Set precondition. 2. Send POST /api/v1/auth/register. 3. Inspect response and database. | V18: 201 / 422 | W18: TokenResponse / {code:"VALIDATION_ERROR",message:"Request validation failed.",traceId:string,details:{errors:[...]}} | X18: 120 chars accepted; >120 creates no row. | Y18: P1 | Z18: Passed | AB18: test_register_enforces_name_password_and_terms_boundaries
A19: API-AUTH-005 | B19: POST /api/v1/auth/register | C19: Password below 6 / weak password | D19: See explicit precondition | E19: 5 chars / 6 chars lacking strength | G19: POST /api/v1/auth/register: 5 chars / 6 chars lacking strength | H19: 422 / 400 | I19: VALIDATION_ERROR / PASSWORD_TOO_WEAK | J19: No user created. | K19: Passed | L19: Automation | M19: Test passed in targeted API suite and full backend suite. | N19: API-AUTH-005 | O19: Auth | P19: POST /api/v1/auth/register | Q19: AUTH-005 | R19: Password below 6 / weak password | S19: Registered account/authenticated bearer as specified; see request data. | T19: 5 chars / 6 chars lacking strength | U19: 1. Set precondition. 2. Send POST /api/v1/auth/register. 3. Inspect response and database. | V19: 422 / 400 | W19: VALIDATION_ERROR / PASSWORD_TOO_WEAK | X19: No user created. | Y19: P1 | Z19: Passed | AB19: test_register_enforces_name_password_and_terms_boundaries
A20: API-AUTH-006 | B20: POST /api/v1/auth/register | C20: Terms not accepted | D20: See explicit precondition | E20: termsAccepted=false | G20: POST /api/v1/auth/register: termsAccepted=false | H20: 400 | I20: {code:"TERMS_NOT_ACCEPTED",message,traceId,details:{}} | J20: No user created. | K20: Passed | L20: Automation | M20: Test passed in targeted API suite and full backend suite. | N20: API-AUTH-006 | O20: Auth | P20: POST /api/v1/auth/register | Q20: AUTH-006 | R20: Terms not accepted | S20: Registered account/authenticated bearer as specified; see request data. | T20: termsAccepted=false | U20: 1. Set precondition. 2. Send POST /api/v1/auth/register. 3. Inspect response and database. | V20: 400 | W20: {code:"TERMS_NOT_ACCEPTED",message,traceId,details:{}} | X20: No user created. | Y20: P1 | Z20: Passed | AB20: test_register_enforces_name_password_and_terms_boundaries
A21: API-AUTH-007 | B21: POST /api/v1/auth/register | C21: Duplicate email | D21: See explicit precondition | E21: Register same normalized email twice | G21: POST /api/v1/auth/register: Register same normalized email twice | H21: 409 | I21: {code:"EMAIL_ALREADY_EXISTS",message,traceId,details:{}} | J21: Exactly one user row. | K21: Passed | L21: Automation | M21: Test passed in targeted API suite and full backend suite. | N21: API-AUTH-007 | O21: Auth | P21: POST /api/v1/auth/register | Q21: AUTH-007 | R21: Duplicate email | S21: Registered account/authenticated bearer as specified; see request data. | T21: Register same normalized email twice | U21: 1. Set precondition. 2. Send POST /api/v1/auth/register. 3. Inspect response and database. | V21: 409 | W21: {code:"EMAIL_ALREADY_EXISTS",message,traceId,details:{}} | X21: Exactly one user row. | Y21: P1 | Z21: Passed | AB21: test_register_duplicate_email_returns_409
A22: API-AUTH-008 | B22: POST /api/v1/auth/login | C22: Valid credentials | D22: See explicit precondition | E22: Registered active user; correct email/password | G22: POST /api/v1/auth/login: Registered active user; correct email/password | H22: 200 | I22: TokenResponse {accessToken:string, refreshToken:string, tokenType:"bearer", expiresIn:integer} | J22: Refresh token inserted; hash unchanged. | K22: Passed | L22: Automation | M22: Test passed in targeted API suite and full backend suite. | N22: API-AUTH-008 | O22: Auth | P22: POST /api/v1/auth/login | Q22: AUTH-008 | R22: Valid credentials | S22: Registered account/authenticated bearer as specified; see request data. | T22: Registered active user; correct email/password | U22: 1. Set precondition. 2. Send POST /api/v1/auth/login. 3. Inspect response and database. | V22: 200 | W22: TokenResponse {accessToken:string, refreshToken:string, tokenType:"bearer", expiresIn:integer} | X22: Refresh token inserted; hash unchanged. | Y22: P0 | Z22: Passed | AB22: test_register_login_me_refresh_logout_flow
A23: API-AUTH-009 | B23: POST /api/v1/auth/login | C23: Wrong password or unknown email | D23: See explicit precondition | E23: Wrong password / unregistered email | G23: POST /api/v1/auth/login: Wrong password / unregistered email | H23: 401 | I23: {code:"INVALID_CREDENTIALS",message,traceId,details:{}} | J23: No token; failed attempt counter may increment. | K23: Passed | L23: Automation | M23: Test passed in targeted API suite and full backend suite. | N23: API-AUTH-009 | O23: Auth | P23: POST /api/v1/auth/login | Q23: AUTH-009 | R23: Wrong password or unknown email | S23: Registered account/authenticated bearer as specified; see request data. | T23: Wrong password / unregistered email | U23: 1. Set precondition. 2. Send POST /api/v1/auth/login. 3. Inspect response and database. | V23: 401 | W23: {code:"INVALID_CREDENTIALS",message,traceId,details:{}} | X23: No token; failed attempt counter may increment. | Y23: P1 | Z23: Passed | AB23: test_login_wrong_password_returns_401
A24: API-AUTH-010 | B24: POST /api/v1/auth/login | C24: Malformed email / missing password | D24: See explicit precondition | E24: email=bad or omit password | G24: POST /api/v1/auth/login: email=bad or omit password | H24: 422 | I24: {code:"VALIDATION_ERROR",message:"Request validation failed.",traceId:string,details:{errors:[...]}} | J24: No unintended mutation. | K24: Passed | L24: Automation | M24: Test passed in targeted API suite and full backend suite. | N24: API-AUTH-010 | O24: Auth | P24: POST /api/v1/auth/login | Q24: AUTH-010 | R24: Malformed email / missing password | S24: Registered account/authenticated bearer as specified; see request data. | T24: email=bad or omit password | U24: 1. Set precondition. 2. Send POST /api/v1/auth/login. 3. Inspect response and database. | V24: 422 | W24: {code:"VALIDATION_ERROR",message:"Request validation failed.",traceId:string,details:{errors:[...]}} | X24: No unintended mutation. | Y24: P1 | Z24: Passed | AB24: test_auth_validation_rejects_missing_fields_and_invalid_email
A25: API-AUTH-011 | B25: POST /api/v1/auth/google | C25: Valid Google identity using strict fake verifier | D25: See explicit precondition | E25: idToken=base64url(JSON{sub,email,name}); no network | G25: POST /api/v1/auth/google: idToken=base64url(JSON{sub,email,name}); no network | H25: 200 | I25: TokenResponse {accessToken:string, refreshToken:string, tokenType:"bearer", expiresIn:integer} | J25: User/profile/settings and identity created or linked. | K25: Passed | L25: Automation | M25: Test passed in targeted API suite and full backend suite. | N25: API-AUTH-011 | O25: Auth | P25: POST /api/v1/auth/google | Q25: AUTH-011 | R25: Valid Google identity using strict fake verifier | S25: Registered account/authenticated bearer as specified; see request data. | T25: idToken=base64url(JSON{sub,email,name}); no network | U25: 1. Set precondition. 2. Send POST /api/v1/auth/google. 3. Inspect response and database. | V25: 200 | W25: TokenResponse {accessToken:string, refreshToken:string, tokenType:"bearer", expiresIn:integer} | X25: User/profile/settings and identity created or linked. | Y25: P0 | Z25: Passed | AB25: test_google_login_new_user_and_link_existing
A26: API-AUTH-012 | B26: POST /api/v1/auth/google | C26: Invalid fake Google token | D26: See explicit precondition | E26: idToken=invalid-google-token; strict fake verifier | G26: POST /api/v1/auth/google: idToken=invalid-google-token; strict fake verifier | H26: 400 | I26: {code:"INVALID_GOOGLE_TOKEN",message,traceId,details:{error}} | J26: No user or identity created. | K26: Passed | L26: Automation | M26: Test passed in targeted API suite and full backend suite. | N26: API-AUTH-012 | O26: Auth | P26: POST /api/v1/auth/google | Q26: AUTH-012 | R26: Invalid fake Google token | S26: Registered account/authenticated bearer as specified; see request data. | T26: idToken=invalid-google-token; strict fake verifier | U26: 1. Set precondition. 2. Send POST /api/v1/auth/google. 3. Inspect response and database. | V26: 400 | W26: {code:"INVALID_GOOGLE_TOKEN",message,traceId,details:{error}} | X26: No user or identity created. | Y26: P1 | Z26: Passed | AB26: test_google_login_rejects_invalid_token_without_network
A27: API-AUTH-013 | B27: POST /api/v1/auth/google | C27: Missing idToken | D27: See explicit precondition | E27: {} | G27: POST /api/v1/auth/google: {} | H27: 422 | I27: {code:"VALIDATION_ERROR",message:"Request validation failed.",traceId:string,details:{errors:[...]}} | J27: No unintended mutation. | K27: Passed | L27: Automation | M27: Test passed in targeted API suite and full backend suite. | N27: API-AUTH-013 | O27: Auth | P27: POST /api/v1/auth/google | Q27: AUTH-013 | R27: Missing idToken | S27: Registered account/authenticated bearer as specified; see request data. | T27: {} | U27: 1. Set precondition. 2. Send POST /api/v1/auth/google. 3. Inspect response and database. | V27: 422 | W27: {code:"VALIDATION_ERROR",message:"Request validation failed.",traceId:string,details:{errors:[...]}} | X27: No unintended mutation. | Y27: P1 | Z27: Passed | AB27: test_auth_validation_rejects_missing_fields_and_invalid_email

Sheet API002 Auth Token
A1: Project Name | B1: TalkWithMe
A2: API Name | B2: API002 Auth Token
A3: Owner | B3: QA / Backend Team
A5: PASSED | B5: =COUNTIF(Z15:Z19,"Passed")
A6: FAILED | B6: =COUNTIF(Z15:Z19,"Failed")
A7: PENDING | B7: =COUNTIF(Z15:Z19,"Blocked")
A8: NOT RUN | B8: =COUNTIF(Z15:Z19,"Not Run")
A9: AUTOMATION | B9: =COUNTIF(L15:L19,"Automation")
A10: MANUAL | B10: =COUNTIF(L15:L19,"Manual")
A11: Number of Testcase | B11: =COUNTA(A15:A17)
A12: Validate / Functional / Security
A13: ID | B13: Item | C13: Testcase Name | D13: Precondition Test Case | E13: Test data | F13: Request | H13: Expected Response | J13: Expected Database | K13: Result | L13: Execution | M13: Note
F14: params | G14: body | H14: Status code | I14: Body | N14: Case ID | O14: Module | P14: Method/Path | Q14: Viewpoint ID | R14: Testcase Name | S14: Precondition | T14: Request/Test Data | U14: Steps | V14: Expected HTTP Status | W14: Expected Response Body | X14: Expected Database | Y14: Priority | Z14: Execution Result | AA14: Defect Link | AB14: Automation Test / Manual Reason
A15: API-AUTH-014 | B15: POST /api/v1/auth/refresh | C15: Rotate valid token | D15: See explicit precondition | E15: Issued unused refreshToken | G15: POST /api/v1/auth/refresh: Issued unused refreshToken | H15: 200 | I15: TokenResponse {accessToken:string, refreshToken:string, tokenType:"bearer", expiresIn:integer} | J15: Old token revoked and linked; new token inserted. | K15: Passed | L15: Automation | M15: Test passed in targeted API suite and full backend suite. | N15: API-AUTH-014 | O15: Auth | P15: POST /api/v1/auth/refresh | Q15: AUTH-014 | R15: Rotate valid token | S15: Registered account/authenticated bearer as specified; see request data. | T15: Issued unused refreshToken | U15: 1. Set precondition. 2. Send POST /api/v1/auth/refresh. 3. Inspect response and database. | V15: 200 | W15: TokenResponse {accessToken:string, refreshToken:string, tokenType:"bearer", expiresIn:integer} | X15: Old token revoked and linked; new token inserted. | Y15: P0 | Z15: Passed | AB15: test_register_login_me_refresh_logout_flow
A16: API-AUTH-015 | B16: POST /api/v1/auth/refresh | C16: Unknown or missing refresh token | D16: See explicit precondition | E16: unknown token / {} | G16: POST /api/v1/auth/refresh: unknown token / {} | H16: 401 / 422 | I16: INVALID_TOKEN / {code:"VALIDATION_ERROR",message:"Request validation failed.",traceId:string,details:{errors:[...]}} | J16: No new token. | K16: Passed | L16: Automation | M16: Test passed in targeted API suite and full backend suite. | N16: API-AUTH-015 | O16: Auth | P16: POST /api/v1/auth/refresh | Q16: AUTH-015 | R16: Unknown or missing refresh token | S16: Registered account/authenticated bearer as specified; see request data. | T16: unknown token / {} | U16: 1. Set precondition. 2. Send POST /api/v1/auth/refresh. 3. Inspect response and database. | V16: 401 / 422 | W16: INVALID_TOKEN / {code:"VALIDATION_ERROR",message:"Request validation failed.",traceId:string,details:{errors:[...]}} | X16: No new token. | Y16: P1 | Z16: Passed | AB16: test_auth_validation_rejects_missing_fields_and_invalid_email
A17: API-AUTH-016 | B17: POST /api/v1/auth/refresh | C17: Reuse rotated token | D17: See explicit precondition | E17: Submit old token after rotation | G17: POST /api/v1/auth/refresh: Submit old token after rotation | H17: 401 | I17: {code:"TOKEN_REUSE_DETECTED",message,traceId,details:{}} | J17: All user refresh tokens revoked. | K17: Passed | L17: Automation | M17: Test passed in targeted API suite and full backend suite. | N17: API-AUTH-016 | O17: Auth | P17: POST /api/v1/auth/refresh | Q17: AUTH-016 | R17: Reuse rotated token | S17: Registered account/authenticated bearer as specified; see request data. | T17: Submit old token after rotation | U17: 1. Set precondition. 2. Send POST /api/v1/auth/refresh. 3. Inspect response and database. | V17: 401 | W17: {code:"TOKEN_REUSE_DETECTED",message,traceId,details:{}} | X17: All user refresh tokens revoked. | Y17: P0 | Z17: Passed | AB17: test_refresh_token_reuse_detection
A18: API-AUTH-017 | B18: POST /api/v1/auth/logout | C18: Logout valid token then refresh it | D18: Issued refresh token. | E18: refreshToken=<issued token>; logout then refresh | G18: POST logout, then POST refresh; inspect revocation. | H18: 200 then 401 | I18: {message:"Logged out successfully"}; then TOKEN_REUSE_DETECTED | J18: Token revoked. | K18: Passed | L18: Automation | M18: Test passed in targeted API suite and full backend suite. | N18: API-AUTH-017 | O18: Auth | P18: POST /api/v1/auth/logout | Q18: AUTH-017 | R18: Logout valid token then refresh it | S18: Issued refresh token. | T18: refreshToken=<issued token>; logout then refresh | U18: POST logout, then POST refresh; inspect revocation. | V18: 200 then 401 | W18: {message:"Logged out successfully"}; then TOKEN_REUSE_DETECTED | X18: Token revoked. | Y18: P0 | Z18: Passed | AB18: test_register_login_me_refresh_logout_flow
A19: API-AUTH-024 | B19: POST /api/v1/auth/refresh | C19: Refresh expired token | D19: RefreshToken row exists but expires_at is in the past. | E19: refreshToken=<expired issued token> | G19: Set expired token fixture; POST refresh; inspect response and token records. | H19: 401 | I19: {code:"TOKEN_EXPIRED",message,traceId,details:{}} | J19: Expired token remains unusable; no replacement token issued. | K19: Passed | L19: Automation | M19: Test passed in targeted API suite and full backend suite. | N19: API-AUTH-024 | O19: Auth | P19: POST /api/v1/auth/refresh | Q19: AUTH-024 | R19: Refresh expired token | S19: RefreshToken row exists but expires_at is in the past. | T19: refreshToken=<expired issued token> | U19: Set expired token fixture; POST refresh; inspect response and token records. | V19: 401 | W19: {code:"TOKEN_EXPIRED",message,traceId,details:{}} | X19: Expired token remains unusable; no replacement token issued. | Y19: P1 | Z19: Passed | AB19: test_refresh_rejects_expired_token_without_rotating_it

Sheet API003 Auth Password
A1: Project Name | B1: TalkWithMe
A2: API Name | B2: API003 Auth Password
A3: Owner | B3: QA / Backend Team
A5: PASSED | B5: =COUNTIF(Z15:Z22,"Passed")
A6: FAILED | B6: =COUNTIF(Z15:Z22,"Failed")
A7: PENDING | B7: =COUNTIF(Z15:Z22,"Blocked")
A8: NOT RUN | B8: =COUNTIF(Z15:Z22,"Not Run")
A9: AUTOMATION | B9: =COUNTIF(L15:L22,"Automation")
A10: MANUAL | B10: =COUNTIF(L15:L22,"Manual")
A11: Number of Testcase | B11: =COUNTA(A15:A18)
A12: Validate / Functional / Security
A13: ID | B13: Item | C13: Testcase Name | D13: Precondition Test Case | E13: Test data | F13: Request | H13: Expected Response | J13: Expected Database | K13: Result | L13: Execution | M13: Note
F14: params | G14: body | H14: Status code | I14: Body | N14: Case ID | O14: Module | P14: Method/Path | Q14: Viewpoint ID | R14: Testcase Name | S14: Precondition | T14: Request/Test Data | U14: Steps | V14: Expected HTTP Status | W14: Expected Response Body | X14: Expected Database | Y14: Priority | Z14: Execution Result | AA14: Defect Link | AB14: Automation Test / Manual Reason
A15: API-AUTH-018 | B15: POST /api/v1/auth/forgot-password | C15: Registered email | D15: See explicit precondition | E15: email of registered account; fake email provider | G15: POST /api/v1/auth/forgot-password: email of registered account; fake email provider | H15: 200 | I15: {message:"If the email is registered, a password reset link has been sent."} | J15: Reset-token hash inserted; token sent only to fake sender. | K15: Passed | L15: Automation | M15: Test passed in targeted API suite and full backend suite. | N15: API-AUTH-018 | O15: Auth | P15: POST /api/v1/auth/forgot-password | Q15: AUTH-018 | R15: Registered email | S15: Registered account/authenticated bearer as specified; see request data. | T15: email of registered account; fake email provider | U15: 1. Set precondition. 2. Send POST /api/v1/auth/forgot-password. 3. Inspect response and database. | V15: 200 | W15: {message:"If the email is registered, a password reset link has been sent."} | X15: Reset-token hash inserted; token sent only to fake sender. | Y15: P0 | Z15: Passed | AB15: test_reset_password_flow_and_reuse_fails
A16: API-AUTH-019 | B16: POST /api/v1/auth/forgot-password | C16: Unknown email enumeration | D16: See explicit precondition | E16: Unregistered valid email | G16: POST /api/v1/auth/forgot-password: Unregistered valid email | H16: 200 | I16: Same message as registered email. | J16: No reset token inserted. | K16: Passed | L16: Automation | M16: Test passed in targeted API suite and full backend suite. | N16: API-AUTH-019 | O16: Auth | P16: POST /api/v1/auth/forgot-password | Q16: AUTH-019 | R16: Unknown email enumeration | S16: Registered account/authenticated bearer as specified; see request data. | T16: Unregistered valid email | U16: 1. Set precondition. 2. Send POST /api/v1/auth/forgot-password. 3. Inspect response and database. | V16: 200 | W16: Same message as registered email. | X16: No reset token inserted. | Y16: P0 | Z16: Passed | AB16: test_forgot_password_unknown_email_has_same_response_and_sends_no_email
A17: API-AUTH-020 | B17: POST /api/v1/auth/forgot-password | C17: Malformed email | D17: See explicit precondition | E17: email=invalid | G17: POST /api/v1/auth/forgot-password: email=invalid | H17: 422 | I17: {code:"VALIDATION_ERROR",message:"Request validation failed.",traceId:string,details:{errors:[...]}} | J17: No unintended mutation. | K17: Passed | L17: Automation | M17: Test passed in targeted API suite and full backend suite. | N17: API-AUTH-020 | O17: Auth | P17: POST /api/v1/auth/forgot-password | Q17: AUTH-020 | R17: Malformed email | S17: Registered account/authenticated bearer as specified; see request data. | T17: email=invalid | U17: 1. Set precondition. 2. Send POST /api/v1/auth/forgot-password. 3. Inspect response and database. | V17: 422 | W17: {code:"VALIDATION_ERROR",message:"Request validation failed.",traceId:string,details:{errors:[...]}} | X17: No unintended mutation. | Y17: P1 | Z17: Passed | AB17: test_auth_validation_rejects_missing_fields_and_invalid_email
A18: API-AUTH-021 | B18: POST /api/v1/auth/reset-password | C18: Invalid or expired token | D18: See explicit precondition | E18: token=invalid-token-string; newPassword=NewPassword123! | G18: POST /api/v1/auth/reset-password: token=invalid-token-string; newPassword=NewPassword123! | H18: 400 | I18: {code:"INVALID_TOKEN",message,traceId,details:{}} | J18: Password hash unchanged. | K18: Passed | L18: Automation | M18: Test passed in targeted API suite and full backend suite. | N18: API-AUTH-021 | O18: Auth | P18: POST /api/v1/auth/reset-password | Q18: AUTH-021 | R18: Invalid or expired token | S18: Registered account/authenticated bearer as specified; see request data. | T18: token=invalid-token-string; newPassword=NewPassword123! | U18: 1. Set precondition. 2. Send POST /api/v1/auth/reset-password. 3. Inspect response and database. | V18: 400 | W18: {code:"INVALID_TOKEN",message,traceId,details:{}} | X18: Password hash unchanged. | Y18: P1 | Z18: Passed | AB18: test_reset_password_flow_and_reuse_fails
A19: API-AUTH-022 | B19: POST /api/v1/auth/reset-password | C19: Missing/short new password | D19: See explicit precondition | E19: omit newPassword / 5 characters | G19: POST /api/v1/auth/reset-password: omit newPassword / 5 characters | H19: 422 | I19: {code:"VALIDATION_ERROR",message:"Request validation failed.",traceId:string,details:{errors:[...]}} | J19: No unintended mutation. | K19: Passed | L19: Automation | M19: Test passed in targeted API suite and full backend suite. | N19: API-AUTH-022 | O19: Auth | P19: POST /api/v1/auth/reset-password | Q19: AUTH-022 | R19: Missing/short new password | S19: Registered account/authenticated bearer as specified; see request data. | T19: omit newPassword / 5 characters | U19: 1. Set precondition. 2. Send POST /api/v1/auth/reset-password. 3. Inspect response and database. | V19: 422 | W19: {code:"VALIDATION_ERROR",message:"Request validation failed.",traceId:string,details:{errors:[...]}} | X19: No unintended mutation. | Y19: P1 | Z19: Passed | AB19: test_auth_validation_rejects_missing_fields_and_invalid_email; test_reset_password_rejects_short_password
A20: API-AUTH-023 | B20: POST /api/v1/auth/reset-password | C20: Valid reset token; login with new password | D20: Registered account; token captured by fake email sender. | E20: token=<captured raw token>; newPassword=NewPassword123! | G20: Request forgot; reset; verify old login fails and new login succeeds. | H20: 200 | I20: {message:"Password has been reset successfully."} | J20: Password hash updated; reset token used; refresh tokens revoked. | K20: Passed | L20: Automation | M20: Test passed in targeted API suite and full backend suite. | N20: API-AUTH-023 | O20: Auth | P20: POST /api/v1/auth/reset-password | Q20: AUTH-023 | R20: Valid reset token; login with new password | S20: Registered account; token captured by fake email sender. | T20: token=<captured raw token>; newPassword=NewPassword123! | U20: Request forgot; reset; verify old login fails and new login succeeds. | V20: 200 | W20: {message:"Password has been reset successfully."} | X20: Password hash updated; reset token used; refresh tokens revoked. | Y20: P0 | Z20: Passed | AB20: test_reset_password_with_fake_email_token_changes_login_password
A21: API-AUTH-025 | B21: POST /api/v1/auth/reset-password | C21: Reset with expired token | D21: PasswordResetToken row exists with expiry in past. | E21: token=<expired reset token>; newPassword=NewPassword123! | G21: Set expired token fixture; POST reset; verify login credentials unchanged. | H21: 400 | I21: {code:"TOKEN_EXPIRED",message,traceId,details:{}} | J21: Password hash unchanged; reset token not marked used. | K21: Passed | L21: Automation | M21: Test passed in targeted API suite and full backend suite. | N21: API-AUTH-025 | O21: Auth | P21: POST /api/v1/auth/reset-password | Q21: AUTH-025 | R21: Reset with expired token | S21: PasswordResetToken row exists with expiry in past. | T21: token=<expired reset token>; newPassword=NewPassword123! | U21: Set expired token fixture; POST reset; verify login credentials unchanged. | V21: 400 | W21: {code:"TOKEN_EXPIRED",message,traceId,details:{}} | X21: Password hash unchanged; reset token not marked used. | Y21: P1 | Z21: Passed | AB21: test_reset_rejects_expired_token_without_changing_password
A22: API-AUTH-026 | B22: POST /api/v1/auth/reset-password | C22: Reuse already-used reset token | D22: Password reset token has already been consumed. | E22: token=<used raw token>; newPassword=OtherPassword123! | G22: Consume token once; submit same token again; inspect response and password hash. | H22: 400 | I22: {code:"TOKEN_ALREADY_USED",message,traceId,details:{}} | J22: Password hash unchanged on reuse. | K22: Passed | L22: Automation | M22: Test passed in targeted API suite and full backend suite. | N22: API-AUTH-026 | O22: Auth | P22: POST /api/v1/auth/reset-password | Q22: AUTH-026 | R22: Reuse already-used reset token | S22: Password reset token has already been consumed. | T22: token=<used raw token>; newPassword=OtherPassword123! | U22: Consume token once; submit same token again; inspect response and password hash. | V22: 400 | W22: {code:"TOKEN_ALREADY_USED",message,traceId,details:{}} | X22: Password hash unchanged on reuse. | Y22: P1 | Z22: Passed | AB22: test_reset_password_with_fake_email_token_changes_login_password

Sheet API004 Profile
A1: Project Name | B1: TalkWithMe
A2: API Name | B2: API004 Profile
A3: Owner | B3: QA / Backend Team
A5: PASSED | B5: =COUNTIF(Z15:Z29,"Passed")
A6: FAILED | B6: =COUNTIF(Z15:Z29,"Failed")
A7: PENDING | B7: =COUNTIF(Z15:Z29,"Blocked")
A8: NOT RUN | B8: =COUNTIF(Z15:Z29,"Not Run")
A9: AUTOMATION | B9: =COUNTIF(L15:L29,"Automation")
A10: MANUAL | B10: =COUNTIF(L15:L29,"Manual")
A11: Number of Testcase | B11: =COUNTA(A15:A29)
A12: Validate / Functional / Security
A13: ID | B13: Item | C13: Testcase Name | D13: Precondition Test Case | E13: Test data | F13: Request | H13: Expected Response | J13: Expected Database | K13: Result | L13: Execution | M13: Note
F14: params | G14: body | H14: Status code | I14: Body | N14: Case ID | O14: Module | P14: Method/Path | Q14: Viewpoint ID | R14: Testcase Name | S14: Precondition | T14: Request/Test Data | U14: Steps | V14: Expected HTTP Status | W14: Expected Response Body | X14: Expected Database | Y14: Priority | Z14: Execution Result | AA14: Defect Link | AB14: Automation Test / Manual Reason
A15: API-PROFILE-001 | B15: GET /api/v1/me | C15: Get own profile | D15: See explicit precondition | E15: Bearer token A | G15: GET /api/v1/me: Bearer token A | H15: 200 | I15: MeResponse with id,email,fullName,avatarUrl,createdAt,profile fields | J15: No mutation; response belongs to A. | K15: Passed | L15: Automation | M15: Test passed in targeted API suite and full backend suite. | N15: API-PROFILE-001 | O15: Profile | P15: GET /api/v1/me | Q15: PROFILE-001 | R15: Get own profile | S15: Registered account/authenticated bearer as specified; see request data. | T15: Bearer token A | U15: 1. Set precondition. 2. Send GET /api/v1/me. 3. Inspect response and database. | V15: 200 | W15: MeResponse with id,email,fullName,avatarUrl,createdAt,profile fields | X15: No mutation; response belongs to A. | Y15: P0 | Z15: Passed | AB15: test_get_profile_returns_authenticated_users_data
A16: API-PROFILE-002 | B16: GET /api/v1/me | C16: Unauthenticated / invalid bearer | D16: See explicit precondition | E16: No token / Bearer invalid-token | G16: GET /api/v1/me: No token / Bearer invalid-token | H16: 401 / 401 | I16: UNAUTHORIZED / INVALID_TOKEN | J16: No mutation. | K16: Passed | L16: Automation | M16: Test passed in targeted API suite and full backend suite. | N16: API-PROFILE-002 | O16: Profile | P16: GET /api/v1/me | Q16: PROFILE-002 | R16: Unauthenticated / invalid bearer | S16: Registered account/authenticated bearer as specified; see request data. | T16: No token / Bearer invalid-token | U16: 1. Set precondition. 2. Send GET /api/v1/me. 3. Inspect response and database. | V16: 401 / 401 | W16: UNAUTHORIZED / INVALID_TOKEN | X16: No mutation. | Y16: P1 | Z16: Passed | AB16: test_profile_endpoints_reject_missing_or_invalid_authentication
A17: API-PROFILE-003 | B17: PATCH /api/v1/me | C17: Update name and verify trimmed persistence | D17: See explicit precondition | E17: {fullName:" Updated A "} | G17: PATCH /api/v1/me: {fullName:" Updated A "} | H17: 200 | I17: MeResponse; fullName="Updated A" | J17: users.full_name updated only. | K17: Passed | L17: Automation | M17: Test passed in targeted API suite and full backend suite. | N17: API-PROFILE-003 | O17: Profile | P17: PATCH /api/v1/me | Q17: PROFILE-003 | R17: Update name and verify trimmed persistence | S17: Registered account/authenticated bearer as specified; see request data. | T17: {fullName:" Updated A "} | U17: 1. Set precondition. 2. Send PATCH /api/v1/me. 3. Inspect response and database. | V17: 200 | W17: MeResponse; fullName="Updated A" | X17: users.full_name updated only. | Y17: P0 | Z17: Passed | AB17: test_patch_profile_persists_only_submitted_fields
A18: API-PROFILE-004 | B18: PATCH /api/v1/me | C18: Blank/121-char name | D18: See explicit precondition | E18: fullName="" / 121 chars | G18: PATCH /api/v1/me: fullName="" / 121 chars | H18: 422 | I18: {code:"VALIDATION_ERROR",message:"Request validation failed.",traceId:string,details:{errors:[...]}} | J18: Existing user unchanged. | K18: Passed | L18: Automation | M18: Test passed in targeted API suite and full backend suite. | N18: API-PROFILE-004 | O18: Profile | P18: PATCH /api/v1/me | Q18: PROFILE-004 | R18: Blank/121-char name | S18: Registered account/authenticated bearer as specified; see request data. | T18: fullName="" / 121 chars | U18: 1. Set precondition. 2. Send PATCH /api/v1/me. 3. Inspect response and database. | V18: 422 | W18: {code:"VALIDATION_ERROR",message:"Request validation failed.",traceId:string,details:{errors:[...]}} | X18: Existing user unchanged. | Y18: P1 | Z18: Passed | AB18: test_patch_profile_rejects_invalid_name_without_mutation
A19: API-PROFILE-005 | B19: PATCH /api/v1/me | C19: Partial update preserves omitted avatar | D19: See explicit precondition | E19: Only {fullName:"New Name"} | G19: PATCH /api/v1/me: Only {fullName:"New Name"} | H19: 200 | I19: MeResponse; prior avatarUrl retained | J19: Only full_name updated. | K19: Passed | L19: Automation | M19: Test passed in targeted API suite and full backend suite. | N19: API-PROFILE-005 | O19: Profile | P19: PATCH /api/v1/me | Q19: PROFILE-005 | R19: Partial update preserves omitted avatar | S19: Registered account/authenticated bearer as specified; see request data. | T19: Only {fullName:"New Name"} | U19: 1. Set precondition. 2. Send PATCH /api/v1/me. 3. Inspect response and database. | V19: 200 | W19: MeResponse; prior avatarUrl retained | X19: Only full_name updated. | Y19: P1 | Z19: Passed | AB19: test_patch_profile_persists_only_submitted_fields
A20: API-PROFILE-006 | B20: POST /api/v1/me/avatar | C20: Valid image at/below 2 MiB | D20: See explicit precondition | E20: multipart image/png, nonempty, <=2MiB | G20: POST /api/v1/me/avatar: multipart image/png, nonempty, <=2MiB | H20: 200 | I20: {avatarUrl:string} | J20: Avatar stored; users.avatar_url updated. | K20: Passed | L20: Automation | M20: Test passed in targeted API suite and full backend suite. | N20: API-PROFILE-006 | O20: Profile | P20: POST /api/v1/me/avatar | Q20: PROFILE-006 | R20: Valid image at/below 2 MiB | S20: Registered account/authenticated bearer as specified; see request data. | T20: multipart image/png, nonempty, <=2MiB | U20: 1. Set precondition. 2. Send POST /api/v1/me/avatar. 3. Inspect response and database. | V20: 200 | W20: {avatarUrl:string} | X20: Avatar stored; users.avatar_url updated. | Y20: P0 | Z20: Passed | AB20: test_avatar_upload_accepts_supported_image_and_persists_url
A21: API-PROFILE-007 | B21: POST /api/v1/me/avatar | C21: Unsupported MIME / empty file / above 2 MiB | D21: See explicit precondition | E21: text/plain; zero-byte PNG; PNG of 2MiB+1 | G21: POST /api/v1/me/avatar: text/plain; zero-byte PNG; PNG of 2MiB+1 | H21: 400 / 400 / 400 | I21: INVALID_IMAGE_TYPE / EMPTY_FILE / FILE_TOO_LARGE | J21: avatar_url unchanged. | K21: Passed | L21: Automation | M21: Test passed in targeted API suite and full backend suite. | N21: API-PROFILE-007 | O21: Profile | P21: POST /api/v1/me/avatar | Q21: PROFILE-007 | R21: Unsupported MIME / empty file / above 2 MiB | S21: Registered account/authenticated bearer as specified; see request data. | T21: text/plain; zero-byte PNG; PNG of 2MiB+1 | U21: 1. Set precondition. 2. Send POST /api/v1/me/avatar. 3. Inspect response and database. | V21: 400 / 400 / 400 | W21: INVALID_IMAGE_TYPE / EMPTY_FILE / FILE_TOO_LARGE | X21: avatar_url unchanged. | Y21: P1 | Z21: Passed | AB21: test_avatar_upload_rejects_wrong_mime_and_file_over_two_mib; test_avatar_upload_rejects_missing_and_empty_files
A22: API-PROFILE-008 | B22: POST /api/v1/me/avatar | C22: Unauthenticated upload | D22: See explicit precondition | E22: Valid multipart image without bearer | G22: POST /api/v1/me/avatar: Valid multipart image without bearer | H22: 401 | I22: {code:"UNAUTHORIZED",...} | J22: No file stored. | K22: Passed | L22: Automation | M22: Test passed in targeted API suite and full backend suite. | N22: API-PROFILE-008 | O22: Profile | P22: POST /api/v1/me/avatar | Q22: PROFILE-008 | R22: Unauthenticated upload | S22: Registered account/authenticated bearer as specified; see request data. | T22: Valid multipart image without bearer | U22: 1. Set precondition. 2. Send POST /api/v1/me/avatar. 3. Inspect response and database. | V22: 401 | W22: {code:"UNAUTHORIZED",...} | X22: No file stored. | Y22: P1 | Z22: Passed | AB22: test_profile_endpoints_reject_missing_or_invalid_authentication
A23: API-PROFILE-009 | B23: POST /api/v1/me/change-password | C23: Correct old password, new password works | D23: See explicit precondition | E23: oldPassword=Password123!; newPassword=NewPassword123! | G23: POST /api/v1/me/change-password: oldPassword=Password123!; newPassword=NewPassword123! | H23: 200 | I23: {message:success message} | J23: Hash changed; refresh tokens revoked; old login fails, new succeeds. | K23: Passed | L23: Automation | M23: Test passed in targeted API suite and full backend suite. | N23: API-PROFILE-009 | O23: Profile | P23: POST /api/v1/me/change-password | Q23: PROFILE-009 | R23: Correct old password, new password works | S23: Registered account/authenticated bearer as specified; see request data. | T23: oldPassword=Password123!; newPassword=NewPassword123! | U23: 1. Set precondition. 2. Send POST /api/v1/me/change-password. 3. Inspect response and database. | V23: 200 | W23: {message:"M???t kh???u ???? ???????c thay ?????i th??nh c??ng."} | X23: Hash changed; refresh tokens revoked; old login fails, new succeeds. | Y23: P0 | Z23: Passed | AB23: test_change_password_updates_credentials_and_revokes_refresh_tokens
A24: API-PROFILE-010 | B24: POST /api/v1/me/change-password | C24: Wrong old password / same new password | D24: See explicit precondition | E24: Wrong old / new equals old | G24: POST /api/v1/me/change-password: Wrong old / new equals old | H24: 400 | I24: INVALID_OLD_PASSWORD / PASSWORD_SAME_AS_OLD | J24: Hash unchanged. | K24: Passed | L24: Automation | M24: Test passed in targeted API suite and full backend suite. | N24: API-PROFILE-010 | O24: Profile | P24: POST /api/v1/me/change-password | Q24: PROFILE-010 | R24: Wrong old password / same new password | S24: Registered account/authenticated bearer as specified; see request data. | T24: Wrong old / new equals old | U24: 1. Set precondition. 2. Send POST /api/v1/me/change-password. 3. Inspect response and database. | V24: 400 | W24: INVALID_OLD_PASSWORD / PASSWORD_SAME_AS_OLD | X24: Hash unchanged. | Y24: P1 | Z24: Passed | AB24: test_change_password_rejects_wrong_current_password_without_changing_login
A25: API-PROFILE-011 | B25: POST /api/v1/me/change-password | C25: Short new password / unauthenticated | D25: See explicit precondition | E25: 5-char new password / no bearer | G25: POST /api/v1/me/change-password: 5-char new password / no bearer | H25: 422 / 401 | I25: {code:"VALIDATION_ERROR",message:"Request validation failed.",traceId:string,details:{errors:[...]}} / UNAUTHORIZED | J25: Hash unchanged. | K25: Passed | L25: Automation | M25: Test passed in targeted API suite and full backend suite. | N25: API-PROFILE-011 | O25: Profile | P25: POST /api/v1/me/change-password | Q25: PROFILE-011 | R25: Short new password / unauthenticated | S25: Registered account/authenticated bearer as specified; see request data. | T25: 5-char new password / no bearer | U25: 1. Set precondition. 2. Send POST /api/v1/me/change-password. 3. Inspect response and database. | V25: 422 / 401 | W25: {code:"VALIDATION_ERROR",message:"Request validation failed.",traceId:string,details:{errors:[...]}} / UNAUTHORIZED | X25: Hash unchanged. | Y25: P1 | Z25: Passed | AB25: test_change_password_rejects_short_new_password; test_profile_endpoints_reject_missing_or_invalid_authentication

Sheet API005 Settings
A1: Project Name | B1: TalkWithMe
A2: API Name | B2: API005 Settings
A3: Owner | B3: QA / Backend Team
A5: PASSED | B5: =COUNTIF(Z15:Z22,"Passed")
A6: FAILED | B6: =COUNTIF(Z15:Z22,"Failed")
A7: PENDING | B7: =COUNTIF(Z15:Z22,"Blocked")
A8: NOT RUN | B8: =COUNTIF(Z15:Z22,"Not Run")
A9: AUTOMATION | B9: =COUNTIF(L15:L22,"Automation")
A10: MANUAL | B10: =COUNTIF(L15:L22,"Manual")
A11: Number of Testcase | B11: =COUNTA(A15:A22)
A12: Validate / Functional / Security
A13: ID | B13: Item | C13: Testcase Name | D13: Precondition Test Case | E13: Test data | F13: Request | H13: Expected Response | J13: Expected Database | K13: Result | L13: Execution | M13: Note
F14: params | G14: body | H14: Status code | I14: Body | N14: Case ID | O14: Module | P14: Method/Path | Q14: Viewpoint ID | R14: Testcase Name | S14: Precondition | T14: Request/Test Data | U14: Steps | V14: Expected HTTP Status | W14: Expected Response Body | X14: Expected Database | Y14: Priority | Z14: Execution Result | AA14: Defect Link | AB14: Automation Test / Manual Reason
A15: API-SETTINGS-001 | B15: GET /api/v1/me/settings | C15: Get defaults | D15: See explicit precondition | E15: Registered user bearer | G15: GET /api/v1/me/settings: Registered user bearer | H15: 200 | I15: {notificationsEnabled:true,dailyReminderEnabled:true,aiVoice:"female",speechSpeed:"normal",theme:"system",timezone:"Asia/Ho_Chi_Minh"} | J15: No change. | K15: Passed | L15: Automation | M15: Test passed in targeted API suite and full backend suite. | N15: API-SETTINGS-001 | O15: Settings | P15: GET /api/v1/me/settings | Q15: SETTINGS-001 | R15: Get defaults | S15: Registered account/authenticated bearer as specified; see request data. | T15: Registered user bearer | U15: 1. Set precondition. 2. Send GET /api/v1/me/settings. 3. Inspect response and database. | V15: 200 | W15: {notificationsEnabled:true,dailyReminderEnabled:true,aiVoice:"female",speechSpeed:"normal",theme:"system",timezone:"Asia/Ho_Chi_Minh"} | X15: No change. | Y15: P0 | Z15: Passed | AB15: test_get_settings_returns_authenticated_users_defaults
A16: API-SETTINGS-002 | B16: GET /api/v1/me/settings | C16: Unauthenticated | D16: See explicit precondition | E16: No bearer | G16: GET /api/v1/me/settings: No bearer | H16: 401 | I16: {code:"UNAUTHORIZED",...} | J16: No change. | K16: Passed | L16: Automation | M16: Test passed in targeted API suite and full backend suite. | N16: API-SETTINGS-002 | O16: Settings | P16: GET /api/v1/me/settings | Q16: SETTINGS-002 | R16: Unauthenticated | S16: Registered account/authenticated bearer as specified; see request data. | T16: No bearer | U16: 1. Set precondition. 2. Send GET /api/v1/me/settings. 3. Inspect response and database. | V16: 401 | W16: {code:"UNAUTHORIZED",...} | X16: No change. | Y16: P1 | Z16: Passed | AB16: test_get_and_patch_settings_reject_missing_authentication
A17: API-SETTINGS-003 | B17: PATCH /api/v1/me/settings | C17: Update every supported field | D17: See explicit precondition | E17: notificationsEnabled=false; dailyReminderEnabled=false; aiVoice=male; speechSpeed=fast; theme=dark | G17: PATCH /api/v1/me/settings: notificationsEnabled=false; dailyReminderEnabled=false; aiVoice=male; speechSpeed=fast; theme=dark | H17: 200 | I17: SettingsResponse has submitted values; timezone remains Asia/Ho_Chi_Minh. | J17: Only current user settings row updated. | K17: Passed | L17: Automation | M17: Test passed in targeted API suite and full backend suite. | N17: API-SETTINGS-003 | O17: Settings | P17: PATCH /api/v1/me/settings | Q17: SETTINGS-003 | R17: Update every supported field | S17: Registered account/authenticated bearer as specified; see request data. | T17: notificationsEnabled=false; dailyReminderEnabled=false; aiVoice=male; speechSpeed=fast; theme=dark | U17: 1. Set precondition. 2. Send PATCH /api/v1/me/settings. 3. Inspect response and database. | V17: 200 | W17: SettingsResponse has submitted values; timezone remains Asia/Ho_Chi_Minh. | X17: Only current user settings row updated. | Y17: P0 | Z17: Passed | AB17: test_patch_multiple_settings_persists_all_supported_values
A18: API-SETTINGS-004 | B18: PATCH /api/v1/me/settings | C18: Single-field patch preserves other settings | D18: See explicit precondition | E18: {aiVoice:"male"} | G18: PATCH /api/v1/me/settings: {aiVoice:"male"} | H18: 200 | I18: aiVoice=male; omitted fields retain prior values | J18: Only ai_voice changed. | K18: Passed | L18: Automation | M18: Test passed in targeted API suite and full backend suite. | N18: API-SETTINGS-004 | O18: Settings | P18: PATCH /api/v1/me/settings | Q18: SETTINGS-004 | R18: Single-field patch preserves other settings | S18: Registered account/authenticated bearer as specified; see request data. | T18: {aiVoice:"male"} | U18: 1. Set precondition. 2. Send PATCH /api/v1/me/settings. 3. Inspect response and database. | V18: 200 | W18: aiVoice=male; omitted fields retain prior values | X18: Only ai_voice changed. | Y18: P1 | Z18: Passed | AB18: test_patch_one_setting_preserves_unsubmitted_fields_and_persists
A19: API-SETTINGS-005 | B19: PATCH /api/v1/me/settings | C19: Invalid enum/type | D19: See explicit precondition | E19: aiVoice=robot; speechSpeed=very-fast; notificationsEnabled="false" | G19: PATCH /api/v1/me/settings: aiVoice=robot; speechSpeed=very-fast; notificationsEnabled="false" | H19: 422 | I19: {code:"VALIDATION_ERROR",message:"Request validation failed.",traceId:string,details:{errors:[...]}} | J19: Settings unchanged. | K19: Passed | L19: Automation | M19: Test passed in targeted API suite and full backend suite. | N19: API-SETTINGS-005 | O19: Settings | P19: PATCH /api/v1/me/settings | Q19: SETTINGS-005 | R19: Invalid enum/type | S19: Registered account/authenticated bearer as specified; see request data. | T19: aiVoice=robot; speechSpeed=very-fast; notificationsEnabled="false" | U19: 1. Set precondition. 2. Send PATCH /api/v1/me/settings. 3. Inspect response and database. | V19: 422 | W19: {code:"VALIDATION_ERROR",message:"Request validation failed.",traceId:string,details:{errors:[...]}} | X19: Settings unchanged. | Y19: P1 | Z19: Passed | AB19: test_patch_rejects_invalid_enum_or_type_without_mutation
A20: API-SETTINGS-006 | B20: PATCH /api/v1/me/settings | C20: Empty patch and unsupported key | D20: See explicit precondition | E20: {}; {unsupportedField:"x",aiVoice:"male"} | G20: PATCH /api/v1/me/settings: {}; {unsupportedField:"x",aiVoice:"male"} | H20: 200 | I20: Current SettingsResponse; extra field ignored | J20: No unsupported column; supported sent field updated. | K20: Passed | L20: Automation | M20: Test passed in targeted API suite and full backend suite. | N20: API-SETTINGS-006 | O20: Settings | P20: PATCH /api/v1/me/settings | Q20: SETTINGS-006 | R20: Empty patch and unsupported key | S20: Registered account/authenticated bearer as specified; see request data. | T20: {}; {unsupportedField:"x",aiVoice:"male"} | U20: 1. Set precondition. 2. Send PATCH /api/v1/me/settings. 3. Inspect response and database. | V20: 200 | W20: Current SettingsResponse; extra field ignored | X20: No unsupported column; supported sent field updated. | Y20: P1 | Z20: Passed | AB20: test_empty_and_null_patch_preserve_current_settings; test_unknown_setting_field_is_ignored_by_current_schema
A21: API-SETTINGS-007 | B21: PATCH /api/v1/me/settings | C21: Timezone update behavior | D21: See explicit precondition | E21: {timezone:"America/New_York"} | G21: PATCH /api/v1/me/settings: {timezone:"America/New_York"} | H21: 200 | I21: SettingsResponse timezone remains hardcoded Asia/Ho_Chi_Minh | J21: Current implementation does not persist timezone; document as observed gap. | K21: Passed | L21: Automation | M21: Test passed in targeted API suite and full backend suite. | N21: API-SETTINGS-007 | O21: Settings | P21: PATCH /api/v1/me/settings | Q21: SETTINGS-007 | R21: Timezone update behavior | S21: Registered account/authenticated bearer as specified; see request data. | T21: {timezone:"America/New_York"} | U21: 1. Set precondition. 2. Send PATCH /api/v1/me/settings. 3. Inspect response and database. | V21: 200 | W21: SettingsResponse timezone remains hardcoded Asia/Ho_Chi_Minh | X21: Current implementation does not persist timezone; document as observed gap. | Y21: P1 | Z21: Passed | AB21: test_timezone_is_returned_as_fixed_value_by_current_implementation; test_timezone_patch_schema_field_fails_against_settings_model
A22: API-SETTINGS-008 | B22: PATCH /api/v1/me/settings | C22: User A cannot mutate user B settings | D22: See explicit precondition | E22: A patches aiVoice=male; B then GETs settings | G22: PATCH /api/v1/me/settings: A patches aiVoice=male; B then GETs settings | H22: 200 | I22: A sees male; B remains female | J22: Only A row changes. | K22: Passed | L22: Automation | M22: Test passed in targeted API suite and full backend suite. | N22: API-SETTINGS-008 | O22: Settings | P22: PATCH /api/v1/me/settings | Q22: SETTINGS-008 | R22: User A cannot mutate user B settings | S22: Registered account/authenticated bearer as specified; see request data. | T22: A patches aiVoice=male; B then GETs settings | U22: 1. Set precondition. 2. Send PATCH /api/v1/me/settings. 3. Inspect response and database. | V22: 200 | W22: A sees male; B remains female | X22: Only A row changes. | Y22: P0 | Z22: Passed | AB22: test_settings_are_isolated_between_users

Sheet Template
A1: Project Name
A2: API Name
A3: Owner
A5: PASSED | B5: 0
A6: FAILED | B6: 0
A7: PENDING | B7: 0
A8: NOT RUN | B8: 0
A9: AUTOMATION | B9: 0
A10: MANUAL | B10: 0
A11: Number of Testcase | B11: 0
A12: Validate / Functional / Security
A13: ID | B13: Item | C13: Testcase Name | D13: Precondition Test Case | E13: Test data | F13: Request | H13: Expected Response | J13: Expected Database | K13: Result | L13: Execution | M13: Note
F14: params | G14: body | H14: Status code | I14: Body
